segment_id,timestamp_start,timestamp_end,frame_start,frame_end,rating_1_to_5,trial_phase,annotator_id,notes
1,00:00,00:02,0,4,,,,
2,00:02,00:05,5,9,,,,
3,00:05,00:07,10,14,,,,
4,00:07,00:10,15,19,,,,
5,00:10,00:12,20,24,,,,
6,00:12,00:15,25,29,,,,
7,00:15,00:17,30,34,,,,
8,00:17,00:20,35,39,,,,
9,00:20,00:22,40,44,,,,
10,00:22,00:25,45,49,,,,
11,00:25,00:27,50,54,,,,
12,00:27,00:30,55,59,,,,
13,00:30,00:32,60,64,,,,
14,00:32,00:35,65,69,,,,
15,00:35,00:37,70,74,,,,
16,00:37,00:40,75,79,,,,
17,00:40,00:42,80,84,,,,
18,00:42,00:45,85,89,,,,
19,00:45,00:47,90,94,,,,
20,00:47,00:50,95,99,,,,
21,00:50,00:52,100,104,,,,
22,00:52,00:55,105,109,,,,
23,00:55,00:57,110,114,,,,
24,00:57,01:00,115,119,,,,
25,01:00,01:02,120,124,,,,
26,01:02,01:05,125,129,,,,
27,01:05,01:07,130,134,,,,
28,01:07,01:10,135,139,,,,
29,01:10,01:12,140,144,,,,
30,01:12,01:15,145,149,,,,
31,01:15,01:17,150,154,,,,
32,01:17,01:20,155,159,,,,
33,01:20,01:22,160,164,,,,
34,01:22,01:25,165,169,,,,
35,01:25,01:27,170,174,,,,
36,01:27,01:30,175,179,,,,
37,01:30,01:32,180,184,,,,
38,01:32,01:35,185,189,,,,
39,01:35,01:37,190,194,,,,
40,01:37,01:40,195,199,,,,
41,01:40,01:42,200,204,,,,
42,01:42,01:45,205,209,,,,
43,01:45,01:47,210,214,,,,
44,01:47,01:50,215,219,,,,
45,01:50,01:52,220,224,,,,
46,01:52,01:55,225,229,,,,
47,01:55,01:57,230,234,,,,
48,01:57,02:00,235,239,,,,
49,02:00,02:02,240,244,,,,
50,02:02,02:05,245,249,,,,
51,02:05,02:07,250,254,,,,
52,02:07,02:10,255,259,,,,
53,02:10,02:12,260,264,,,,
54,02:12,02:15,265,269,,,,
55,02:15,02:17,270,274,,,,
56,02:17,02:20,275,279,,,,
57,02:20,02:22,280,284,,,,
58,02:22,02:25,285,289,,,,
59,02:25,02:27,290,294,,,,
60,02:27,02:30,295,299,,,,
61,02:30,02:32,300,304,,,,
62,02:32,02:35,305,309,,,,
63,02:35,02:37,310,314,,,,
64,02:37,02:40,315,319,,,,
65,02:40,02:42,320,324,,,,
66,02:42,02:45,325,329,,,,
67,02:45,02:47,330,334,,,,
68,02:47,02:50,335,339,,,,
69,02:50,02:52,340,344,,,,
70,02:52,02:55,345,349,,,,
71,02:55,02:57,350,354,,,,
72,02:57,03:00,355,359,,,,
73,03:00,03:02,360,364,,,,
74,03:02,03:05,365,369,,,,
75,03:05,03:07,370,374,,,,
76,03:07,03:10,375,379,,,,
77,03:10,03:12,380,384,,,,
78,03:12,03:15,385,389,,,,
79,03:15,03:17,390,394,,,,
80,03:17,03:20,395,399,,,,
81,03:20,03:22,400,404,,,,
82,03:22,03:25,405,409,,,,
83,03:25,03:27,410,414,,,,
84,03:27,03:30,415,419,,,,
85,03:30,03:32,420,424,,,,
86,03:32,03:35,425,429,,,,
87,03:35,03:37,430,434,,,,
88,03:37,03:40,435,439,,,,
89,03:40,03:42,440,444,,,,
90,03:42,03:45,445,449,,,,
91,03:45,03:47,450,454,,,,
92,03:47,03:50,455,459,,,,
93,03:50,03:52,460,464,,,,
94,03:52,03:55,465,469,,,,
95,03:55,03:57,470,474,,,,
96,03:57,04:00,475,479,,,,
97,04:00,04:02,480,484,,,,
98,04:02,04:05,485,489,,,,
99,04:05,04:07,490,494,,,,
100,04:07,04:10,495,499,,,,
101,04:10,04:12,500,504,,,,
102,04:12,04:15,505,509,,,,
103,04:15,04:17,510,514,,,,
104,04:17,04:20,515,519,,,,
105,04:20,04:22,520,524,,,,
106,04:22,04:25,525,529,,,,
107,04:25,04:27,530,534,,,,
108,04:27,04:30,535,539,,,,
109,04:30,04:32,540,544,,,,
110,04:32,04:35,545,549,,,,
111,04:35,04:37,550,554,,,,
112,04:37,04:40,555,559,,,,
113,04:40,04:42,560,564,,,,
114,04:42,04:45,565,569,,,,
115,04:45,04:47,570,574,,,,
116,04:47,04:50,575,579,,,,
117,04:50,04:52,580,584,,,,
118,04:52,04:55,585,589,,,,
119,04:55,04:57,590,594,,,,
120,04:57,05:00,595,599,,,,
121,05:00,05:02,600,604,,,,
122,05:02,05:05,605,609,,,,
123,05:05,05:07,610,614,,,,
124,05:07,05:10,615,619,,,,
125,05:10,05:12,620,624,,,,
126,05:12,05:15,625,629,,,,
127,05:15,05:17,630,634,,,,
128,05:17,05:20,635,639,,,,
129,05:20,05:22,640,644,,,,
130,05:22,05:25,645,649,,,,
131,05:25,05:27,650,654,,,,
132,05:27,05:30,655,659,,,,
133,05:30,05:32,660,664,,,,
134,05:32,05:35,665,669,,,,
135,05:35,05:37,670,674,,,,
136,05:37,05:40,675,679,,,,
137,05:40,05:42,680,684,,,,
138,05:42,05:45,685,689,,,,
139,05:45,05:47,690,694,,,,
140,05:47,05:50,695,699,,,,
141,05:50,05:52,700,704,,,,
142,05:52,05:55,705,709,,,,
143,05:55,05:57,710,714,,,,
144,05:57,06:00,715,719,,,,
145,06:00,06:02,720,724,,,,
146,06:02,06:05,725,729,,,,
147,06:05,06:07,730,734,,,,
148,06:07,06:10,735,739,,,,
149,06:10,06:12,740,744,,,,
150,06:12,06:15,745,749,,,,
151,06:15,06:17,750,754,,,,
152,06:17,06:20,755,759,,,,
153,06:20,06:22,760,764,,,,
154,06:22,06:25,765,769,,,,
155,06:25,06:27,770,774,,,,
156,06:27,06:30,775,779,,,,
157,06:30,06:32,780,784,,,,
158,06:32,06:35,785,789,,,,
159,06:35,06:37,790,794,,,,
160,06:37,06:40,795,799,,,,
161,06:40,06:42,800,804,,,,
162,06:42,06:45,805,809,,,,
163,06:45,06:47,810,814,,,,
164,06:47,06:50,815,819,,,,
165,06:50,06:52,820,824,,,,
166,06:52,06:55,825,829,,,,
167,06:55,06:57,830,834,,,,
168,06:57,07:00,835,839,,,,
169,07:00,07:02,840,844,,,,
170,07:02,07:05,845,849,,,,
171,07:05,07:07,850,854,,,,
172,07:07,07:10,855,859,,,,
173,07:10,07:12,860,864,,,,
174,07:12,07:15,865,869,,,,
175,07:15,07:17,870,874,,,,
176,07:17,07:20,875,879,,,,
177,07:20,07:22,880,884,,,,
178,07:22,07:25,885,889,,,,
179,07:25,07:27,890,894,,,,
180,07:27,07:30,895,899,,,,
181,07:30,07:32,900,904,,,,
182,07:32,07:35,905,909,,,,
183,07:35,07:37,910,914,,,,
184,07:37,07:40,915,919,,,,
185,07:40,07:42,920,924,,,,
186,07:42,07:45,925,929,,,,
187,07:45,07:47,930,934,,,,
188,07:47,07:50,935,939,,,,
189,07:50,07:52,940,944,,,,
190,07:52,07:55,945,949,,,,
191,07:55,07:57,950,954,,,,
192,07:57,08:00,955,959,,,,
193,08:00,08:02,960,964,,,,
194,08:02,08:05,965,969,,,,
195,08:05,08:07,970,974,,,,
196,08:07,08:10,975,979,,,,
197,08:10,08:12,980,984,,,,
198,08:12,08:15,985,989,,,,
199,08:15,08:17,990,994,,,,
200,08:17,08:20,995,999,,,,
201,08:20,08:22,1000,1004,,,,
202,08:22,08:25,1005,1009,,,,
203,08:25,08:27,1010,1014,,,,
204,08:27,08:30,1015,1019,,,,
205,08:30,08:32,1020,1024,,,,
206,08:32,08:35,1025,1029,,,,
207,08:35,08:37,1030,1034,,,,
208,08:37,08:40,1035,1039,,,,
209,08:40,08:42,1040,1044,,,,
210,08:42,08:45,1045,1049,,,,
211,08:45,08:47,1050,1054,,,,
212,08:47,08:50,1055,1059,,,,
213,08:50,08:52,1060,1064,,,,
214,08:52,08:55,1065,1069,,,,
215,08:55,08:57,1070,1074,,,,
216,08:57,09:00,1075,1079,,,,
217,09:00,09:02,1080,1084,,,,
218,09:02,09:05,1085,1089,,,,
219,09:05,09:07,1090,1094,,,,
220,09:07,09:10,1095,1099,,,,
221,09:10,09:12,1100,1104,,,,
222,09:12,09:15,1105,1109,,,,
223,09:15,09:17,1110,1114,,,,
224,09:17,09:20,1115,1119,,,,
225,09:20,09:22,1120,1124,,,,
226,09:22,09:25,1125,1129,,,,
227,09:25,09:27,1130,1134,,,,
228,09:27,09:30,1135,1139,,,,
229,09:30,09:32,1140,1144,,,,
230,09:32,09:35,1145,1149,,,,
231,09:35,09:37,1150,1154,,,,
232,09:37,09:40,1155,1159,,,,
233,09:40,09:42,1160,1164,,,,
234,09:42,09:45,1165,1169,,,,
235,09:45,09:47,1170,1174,,,,
236,09:47,09:50,1175,1179,,,,
237,09:50,09:52,1180,1184,,,,
238,09:52,09:55,1185,1189,,,,
239,09:55,09:57,1190,1194,,,,
240,09:57,10:00,1195,1199,,,,
241,10:00,10:02,1200,1204,,,,
242,10:02,10:05,1205,1209,,,,
243,10:05,10:07,1210,1214,,,,
244,10:07,10:10,1215,1219,,,,
245,10:10,10:12,1220,1224,,,,
246,10:12,10:15,1225,1229,,,,
247,10:15,10:17,1230,1234,,,,
248,10:17,10:20,1235,1239,,,,
249,10:20,10:22,1240,1244,,,,
250,10:22,10:25,1245,1249,,,,
251,10:25,10:27,1250,1254,,,,
252,10:27,10:30,1255,1259,,,,
253,10:30,10:32,1260,1264,,,,
254,10:32,10:35,1265,1269,,,,
255,10:35,10:37,1270,1274,,,,
256,10:37,10:40,1275,1279,,,,
257,10:40,10:42,1280,1284,,,,
258,10:42,10:45,1285,1289,,,,
259,10:45,10:47,1290,1294,,,,
260,10:47,10:50,1295,1299,,,,
261,10:50,10:52,1300,1304,,,,
262,10:52,10:55,1305,1309,,,,
263,10:55,10:57,1310,1314,,,,
264,10:57,11:00,1315,1319,,,,
265,11:00,11:02,1320,1324,,,,
266,11:02,11:05,1325,1329,,,,
267,11:05,11:07,1330,1334,,,,
268,11:07,11:10,1335,1339,,,,
269,11:10,11:12,1340,1344,,,,
270,11:12,11:15,1345,1349,,,,
271,11:15,11:17,1350,1354,,,,
272,11:17,11:20,1355,1359,,,,
273,11:20,11:22,1360,1364,,,,
274,11:22,11:25,1365,1369,,,,
275,11:25,11:27,1370,1374,,,,
276,11:27,11:30,1375,1379,,,,
277,11:30,11:32,1380,1384,,,,
278,11:32,11:35,1385,1389,,,,
279,11:35,11:37,1390,1394,,,,
280,11:37,11:40,1395,1399,,,,
281,11:40,11:42,1400,1404,,,,
282,11:42,11:45,1405,1409,,,,
283,11:45,11:47,1410,1414,,,,
284,11:47,11:50,1415,1419,,,,
285,11:50,11:52,1420,1424,,,,
286,11:52,11:55,1425,1429,,,,
287,11:55,11:57,1430,1434,,,,
288,11:57,12:00,1435,1439,,,,
289,12:00,12:02,1440,1444,,,,
290,12:02,12:05,1445,1449,,,,
291,12:05,12:07,1450,1454,,,,
292,12:07,12:10,1455,1459,,,,
293,12:10,12:12,1460,1464,,,,
294,12:12,12:15,1465,1469,,,,
295,12:15,12:17,1470,1474,,,,
296,12:17,12:20,1475,1479,,,,
297,12:20,12:22,1480,1484,,,,
298,12:22,12:25,1485,1489,,,,
299,12:25,12:27,1490,1494,,,,
300,12:27,12:30,1495,1499,,,,
301,12:30,12:32,1500,1504,,,,
302,12:32,12:35,1505,1509,,,,
303,12:35,12:37,1510,1514,,,,
304,12:37,12:40,1515,1519,,,,
305,12:40,12:42,1520,1524,,,,
306,12:42,12:45,1525,1529,,,,
307,12:45,12:47,1530,1534,,,,
308,12:47,12:50,1535,1539,,,,
309,12:50,12:52,1540,1544,,,,
310,12:52,12:55,1545,1549,,,,
311,12:55,12:57,1550,1554,,,,
312,12:57,13:00,1555,1559,,,,
313,13:00,13:02,1560,1564,,,,
314,13:02,13:05,1565,1569,,,,
315,13:05,13:07,1570,1574,,,,
316,13:07,13:10,1575,1579,,,,
317,13:10,13:12,1580,1584,,,,
318,13:12,13:15,1585,1589,,,,
319,13:15,13:17,1590,1594,,,,
320,13:17,13:20,1595,1599,,,,
321,13:20,13:22,1600,1604,,,,
322,13:22,13:25,1605,1609,,,,
323,13:25,13:27,1610,1614,,,,
324,13:27,13:30,1615,1619,,,,
325,13:30,13:32,1620,1624,,,,
326,13:32,13:35,1625,1629,,,,
327,13:35,13:37,1630,1634,,,,
328,13:37,13:40,1635,1639,,,,
329,13:40,13:42,1640,1644,,,,
330,13:42,13:45,1645,1649,,,,
331,13:45,13:47,1650,1654,,,,
332,13:47,13:50,1655,1659,,,,
333,13:50,13:52,1660,1664,,,,
334,13:52,13:55,1665,1669,,,,
335,13:55,13:57,1670,1674,,,,
336,13:57,14:00,1675,1679,,,,
337,14:00,14:02,1680,1684,,,,
338,14:02,14:05,1685,1689,,,,
339,14:05,14:07,1690,1694,,,,
340,14:07,14:10,1695,1699,,,,
341,14:10,14:12,1700,1704,,,,
342,14:12,14:15,1705,1709,,,,
343,14:15,14:17,1710,1714,,,,
344,14:17,14:20,1715,1719,,,,
345,14:20,14:22,1720,1724,,,,
346,14:22,14:25,1725,1729,,,,
347,14:25,14:27,1730,1734,,,,
348,14:27,14:30,1735,1739,,,,
349,14:30,14:32,1740,1744,,,,
350,14:32,14:35,1745,1749,,,,
351,14:35,14:37,1750,1754,,,,
352,14:37,14:40,1755,1759,,,,
353,14:40,14:42,1760,1764,,,,
354,14:42,14:45,1765,1769,,,,
355,14:45,14:47,1770,1774,,,,
356,14:47,14:50,1775,1779,,,,
357,14:50,14:52,1780,1784,,,,
358,14:52,14:55,1785,1789,,,,
359,14:55,14:57,1790,1794,,,,
360,14:57,15:00,1795,1799,,,,
361,15:00,15:02,1800,1804,,,,
362,15:02,15:05,1805,1809,,,,
363,15:05,15:07,1810,1814,,,,
364,15:07,15:10,1815,1819,,,,
365,15:10,15:12,1820,1824,,,,
366,15:12,15:15,1825,1829,,,,
367,15:15,15:17,1830,1834,,,,
368,15:17,15:20,1835,1839,,,,
369,15:20,15:22,1840,1844,,,,
370,15:22,15:25,1845,1849,,,,
371,15:25,15:27,1850,1854,,,,
372,15:27,15:30,1855,1859,,,,
373,15:30,15:32,1860,1864,,,,
374,15:32,15:35,1865,1869,,,,
375,15:35,15:37,1870,1874,,,,
376,15:37,15:40,1875,1879,,,,
377,15:40,15:42,1880,1884,,,,
378,15:42,15:45,1885,1889,,,,
379,15:45,15:47,1890,1894,,,,
380,15:47,15:50,1895,1899,,,,
381,15:50,15:52,1900,1904,,,,
382,15:52,15:55,1905,1909,,,,
383,15:55,15:57,1910,1914,,,,
384,15:57,16:00,1915,1919,,,,
385,16:00,16:02,1920,1924,,,,
386,16:02,16:05,1925,1929,,,,
387,16:05,16:07,1930,1934,,,,
388,16:07,16:10,1935,1939,,,,
389,16:10,16:12,1940,1944,,,,
390,16:12,16:15,1945,1949,,,,
391,16:15,16:17,1950,1954,,,,
392,16:17,16:20,1955,1959,,,,
393,16:20,16:22,1960,1964,,,,
394,16:22,16:25,1965,1969,,,,
395,16:25,16:27,1970,1974,,,,
396,16:27,16:30,1975,1979,,,,
397,16:30,16:32,1980,1984,,,,
398,16:32,16:35,1985,1989,,,,
399,16:35,16:37,1990,1994,,,,
400,16:37,16:40,1995,1999,,,,
401,16:40,16:42,2000,2004,,,,
402,16:42,16:45,2005,2009,,,,
403,16:45,16:47,2010,2014,,,,
404,16:47,16:50,2015,2019,,,,
405,16:50,16:52,2020,2024,,,,
406,16:52,16:55,2025,2029,,,,
407,16:55,16:57,2030,2034,,,,
408,16:57,17:00,2035,2039,,,,
409,17:00,17:02,2040,2044,,,,
410,17:02,17:05,2045,2049,,,,
411,17:05,17:07,2050,2054,,,,
412,17:07,17:10,2055,2059,,,,
413,17:10,17:12,2060,2064,,,,
414,17:12,17:15,2065,2069,,,,
415,17:15,17:17,2070,2074,,,,
416,17:17,17:20,2075,2079,,,,
417,17:20,17:22,2080,2084,,,,
418,17:22,17:25,2085,2089,,,,
419,17:25,17:27,2090,2094,,,,
420,17:27,17:30,2095,2099,,,,
421,17:30,17:32,2100,2104,,,,
422,17:32,17:35,2105,2109,,,,
423,17:35,17:37,2110,2114,,,,
424,17:37,17:40,2115,2119,,,,
425,17:40,17:42,2120,2124,,,,
426,17:42,17:45,2125,2129,,,,
427,17:45,17:47,2130,2134,,,,
428,17:47,17:50,2135,2139,,,,
429,17:50,17:52,2140,2144,,,,
430,17:52,17:55,2145,2149,,,,
431,17:55,17:57,2150,2154,,,,
432,17:57,18:00,2155,2159,,,,
433,18:00,18:02,2160,2164,,,,
434,18:02,18:05,2165,2169,,,,
435,18:05,18:07,2170,2174,,,,
436,18:07,18:10,2175,2179,,,,
437,18:10,18:12,2180,2184,,,,
438,18:12,18:15,2185,2189,,,,
439,18:15,18:17,2190,2194,,,,
440,18:17,18:20,2195,2199,,,,
441,18:20,18:22,2200,2204,,,,
442,18:22,18:25,2205,2209,,,,
443,18:25,18:27,2210,2214,,,,
444,18:27,18:30,2215,2219,,,,
445,18:30,18:32,2220,2224,,,,
446,18:32,18:35,2225,2229,,,,
447,18:35,18:37,2230,2234,,,,
448,18:37,18:40,2235,2239,,,,
449,18:40,18:42,2240,2244,,,,
450,18:42,18:45,2245,2249,,,,
451,18:45,18:47,2250,2254,,,,
452,18:47,18:50,2255,2259,,,,
453,18:50,18:52,2260,2264,,,,
454,18:52,18:55,2265,2269,,,,
455,18:55,18:57,2270,2274,,,,
456,18:57,19:00,2275,2279,,,,
457,19:00,19:02,2280,2284,,,,
458,19:02,19:05,2285,2289,,,,
459,19:05,19:07,2290,2294,,,,
460,19:07,19:10,2295,2299,,,,
461,19:10,19:12,2300,2304,,,,
462,19:12,19:15,2305,2309,,,,
463,19:15,19:17,2310,2314,,,,
464,19:17,19:20,2315,2319,,,,
465,19:20,19:22,2320,2324,,,,
466,19:22,19:25,2325,2329,,,,
467,19:25,19:27,2330,2334,,,,
468,19:27,19:30,2335,2339,,,,
469,19:30,19:32,2340,2344,,,,
470,19:32,19:35,2345,2349,,,,
471,19:35,19:37,2350,2354,,,,
472,19:37,19:40,2355,2359,,,,
473,19:40,19:42,2360,2364,,,,
474,19:42,19:45,2365,2369,,,,
475,19:45,19:47,2370,2374,,,,
476,19:47,19:50,2375,2379,,,,
477,19:50,19:52,2380,2384,,,,
478,19:52,19:55,2385,2389,,,,
479,19:55,19:57,2390,2394,,,,
480,19:57,20:00,2395,2399,,,,
481,20:00,20:02,2400,2404,,,,
482,20:02,20:05,2405,2409,,,,
483,20:05,20:07,2410,2414,,,,
484,20:07,20:10,2415,2419,,,,
485,20:10,20:12,2420,2424,,,,
486,20:12,20:15,2425,2429,,,,
487,20:15,20:17,2430,2434,,,,
488,20:17,20:20,2435,2439,,,,
489,20:20,20:22,2440,2444,,,,
490,20:22,20:25,2445,2449,,,,
491,20:25,20:27,2450,2454,,,,
492,20:27,20:30,2455,2459,,,,
493,20:30,20:32,2460,2464,,,,
494,20:32,20:35,2465,2469,,,,
495,20:35,20:37,2470,2474,,,,
496,20:37,20:40,2475,2479,,,,
497,20:40,20:42,2480,2484,,,,
498,20:42,20:45,2485,2489,,,,
499,20:45,20:47,2490,2494,,,,
500,20:47,20:50,2495,2499,,,,
501,20:50,20:52,2500,2504,,,,
502,20:52,20:55,2505,2509,,,,
503,20:55,20:57,2510,2514,,,,
504,20:57,21:00,2515,2519,,,,
505,21:00,21:02,2520,2524,,,,
506,21:02,21:05,2525,2529,,,,
507,21:05,21:07,2530,2534,,,,
508,21:07,21:10,2535,2539,,,,
509,21:10,21:12,2540,2544,,,,
510,21:12,21:15,2545,2549,,,,
511,21:15,21:17,2550,2554,,,,
512,21:17,21:20,2555,2559,,,,
513,21:20,21:22,2560,2564,,,,
514,21:22,21:25,2565,2569,,,,
515,21:25,21:27,2570,2574,,,,
516,21:27,21:30,2575,2579,,,,
517,21:30,21:32,2580,2584,,,,
518,21:32,21:35,2585,2589,,,,
519,21:35,21:37,2590,2594,,,,
520,21:37,21:40,2595,2599,,,,
521,21:40,21:42,2600,2604,,,,
522,21:42,21:45,2605,2609,,,,
523,21:45,21:47,2610,2614,,,,
524,21:47,21:50,2615,2619,,,,
525,21:50,21:52,2620,2624,,,,
526,21:52,21:55,2625,2629,,,,
527,21:55,21:57,2630,2634,,,,
528,21:57,22:00,2635,2639,,,,
529,22:00,22:02,2640,2644,,,,
530,22:02,22:05,2645,2649,,,,
531,22:05,22:07,2650,2654,,,,
532,22:07,22:10,2655,2659,,,,
533,22:10,22:12,2660,2664,,,,
534,22:12,22:15,2665,2669,,,,
535,22:15,22:17,2670,2674,,,,
536,22:17,22:20,2675,2679,,,,
537,22:20,22:22,2680,2684,,,,
538,22:22,22:25,2685,2689,,,,
539,22:25,22:27,2690,2694,,,,
540,22:27,22:30,2695,2699,,,,
541,22:30,22:32,2700,2704,,,,
542,22:32,22:35,2705,2709,,,,
543,22:35,22:37,2710,2714,,,,
544,22:37,22:40,2715,2719,,,,
545,22:40,22:42,2720,2724,,,,
546,22:42,22:45,2725,2729,,,,
547,22:45,22:47,2730,2734,,,,
548,22:47,22:50,2735,2739,,,,
549,22:50,22:52,2740,2744,,,,
550,22:52,22:55,2745,2749,,,,
551,22:55,22:57,2750,2754,,,,
552,22:57,23:00,2755,2759,,,,
553,23:00,23:02,2760,2764,,,,
554,23:02,23:05,2765,2769,,,,
555,23:05,23:07,2770,2774,,,,
556,23:07,23:10,2775,2779,,,,
557,23:10,23:12,2780,2784,,,,
558,23:12,23:15,2785,2789,,,,
559,23:15,23:17,2790,2794,,,,
560,23:17,23:20,2795,2799,,,,
561,23:20,23:22,2800,2804,,,,
562,23:22,23:25,2805,2809,,,,
563,23:25,23:27,2810,2814,,,,
564,23:27,23:30,2815,2819,,,,
565,23:30,23:32,2820,2824,,,,
566,23:32,23:35,2825,2829,,,,
567,23:35,23:37,2830,2834,,,,
568,23:37,23:40,2835,2839,,,,
569,23:40,23:42,2840,2844,,,,
570,23:42,23:45,2845,2849,,,,
571,23:45,23:47,2850,2854,,,,
572,23:47,23:50,2855,2859,,,,
573,23:50,23:52,2860,2864,,,,
574,23:52,23:55,2865,2869,,,,
575,23:55,23:57,2870,2874,,,,
576,23:57,24:00,2875,2879,,,,
577,24:00,24:02,2880,2884,,,,
578,24:02,24:05,2885,2889,,,,
579,24:05,24:07,2890,2894,,,,
580,24:07,24:10,2895,2899,,,,
581,24:10,24:12,2900,2904,,,,
582,24:12,24:15,2905,2909,,,,
583,24:15,24:17,2910,2914,,,,
584,24:17,24:20,2915,2919,,,,
585,24:20,24:22,2920,2924,,,,
586,24:22,24:25,2925,2929,,,,
587,24:25,24:27,2930,2934,,,,
588,24:27,24:30,2935,2939,,,,
589,24:30,24:32,2940,2944,,,,
590,24:32,24:35,2945,2949,,,,
591,24:35,24:37,2950,2954,,,,
592,24:37,24:40,2955,2959,,,,
593,24:40,24:42,2960,2964,,,,
594,24:42,24:45,2965,2969,,,,
595,24:45,24:47,2970,2974,,,,
596,24:47,24:50,2975,2979,,,,
597,24:50,24:52,2980,2984,,,,
598,24:52,24:55,2985,2989,,,,
599,24:55,24:57,2990,2994,,,,
600,24:57,25:00,2995,2999,,,,
601,25:00,25:02,3000,3004,,,,
602,25:02,25:05,3005,3009,,,,
603,25:05,25:07,3010,3014,,,,
604,25:07,25:10,3015,3019,,,,
605,25:10,25:12,3020,3024,,,,
606,25:12,25:15,3025,3029,,,,
607,25:15,25:17,3030,3034,,,,
608,25:17,25:20,3035,3039,,,,
609,25:20,25:22,3040,3044,,,,
610,25:22,25:25,3045,3049,,,,
611,25:25,25:27,3050,3054,,,,
612,25:27,25:30,3055,3059,,,,
613,25:30,25:32,3060,3064,,,,
614,25:32,25:35,3065,3069,,,,
615,25:35,25:37,3070,3074,,,,
616,25:37,25:40,3075,3079,,,,
617,25:40,25:42,3080,3084,,,,
618,25:42,25:45,3085,3089,,,,
619,25:45,25:47,3090,3094,,,,
620,25:47,25:50,3095,3099,,,,
621,25:50,25:52,3100,3104,,,,
622,25:52,25:55,3105,3109,,,,
623,25:55,25:57,3110,3114,,,,
624,25:57,26:00,3115,3119,,,,
625,26:00,26:02,3120,3124,,,,
626,26:02,26:05,3125,3129,,,,
627,26:05,26:07,3130,3134,,,,
628,26:07,26:10,3135,3139,,,,
629,26:10,26:12,3140,3144,,,,
630,26:12,26:15,3145,3149,,,,
631,26:15,26:17,3150,3154,,,,
632,26:17,26:20,3155,3159,,,,
633,26:20,26:22,3160,3164,,,,
634,26:22,26:25,3165,3169,,,,
635,26:25,26:27,3170,3174,,,,
636,26:27,26:30,3175,3179,,,,
637,26:30,26:32,3180,3184,,,,
638,26:32,26:35,3185,3189,,,,
639,26:35,26:37,3190,3194,,,,
640,26:37,26:40,3195,3199,,,,
641,26:40,26:42,3200,3204,,,,
642,26:42,26:45,3205,3209,,,,
643,26:45,26:47,3210,3214,,,,
644,26:47,26:50,3215,3219,,,,
645,26:50,26:52,3220,3224,,,,
646,26:52,26:55,3225,3229,,,,
647,26:55,26:57,3230,3234,,,,
648,26:57,27:00,3235,3239,,,,
649,27:00,27:02,3240,3244,,,,
650,27:02,27:05,3245,3249,,,,
651,27:05,27:07,3250,3254,,,,
652,27:07,27:10,3255,3259,,,,
653,27:10,27:12,3260,3264,,,,
654,27:12,27:15,3265,3269,,,,
655,27:15,27:17,3270,3274,,,,
656,27:17,27:20,3275,3279,,,,
657,27:20,27:22,3280,3284,,,,
658,27:22,27:25,3285,3289,,,,
659,27:25,27:27,3290,3294,,,,
660,27:27,27:30,3295,3299,,,,
661,27:30,27:32,3300,3304,,,,
662,27:32,27:35,3305,3309,,,,
663,27:35,27:37,3310,3314,,,,
664,27:37,27:40,3315,3319,,,,
665,27:40,27:42,3320,3324,,,,
666,27:42,27:45,3325,3329,,,,
667,27:45,27:47,3330,3334,,,,
668,27:47,27:50,3335,3339,,,,
669,27:50,27:52,3340,3344,,,,
670,27:52,27:55,3345,3349,,,,
671,27:55,27:57,3350,3354,,,,
672,27:57,28:00,3355,3359,,,,
673,28:00,28:02,3360,3364,,,,
674,28:02,28:05,3365,3369,,,,
675,28:05,28:07,3370,3374,,,,
676,28:07,28:10,3375,3379,,,,
677,28:10,28:12,3380,3384,,,,
678,28:12,28:15,3385,3389,,,,
679,28:15,28:17,3390,3394,,,,
680,28:17,28:20,3395,3399,,,,
681,28:20,28:22,3400,3404,,,,
682,28:22,28:25,3405,3409,,,,
683,28:25,28:27,3410,3414,,,,
684,28:27,28:30,3415,3419,,,,
685,28:30,28:32,3420,3424,,,,
686,28:32,28:35,3425,3429,,,,
687,28:35,28:37,3430,3434,,,,
688,28:37,28:40,3435,3439,,,,
689,28:40,28:42,3440,3444,,,,
690,28:42,28:45,3445,3449,,,,
691,28:45,28:47,3450,3454,,,,
692,28:47,28:50,3455,3459,,,,
693,28:50,28:52,3460,3464,,,,
694,28:52,28:55,3465,3469,,,,
695,28:55,28:57,3470,3474,,,,
696,28:57,29:00,3475,3479,,,,
697,29:00,29:02,3480,3484,,,,
698,29:02,29:05,3485,3489,,,,
699,29:05,29:07,3490,3494,,,,
700,29:07,29:10,3495,3499,,,,
701,29:10,29:12,3500,3504,,,,
702,29:12,29:15,3505,3509,,,,
703,29:15,29:17,3510,3514,,,,
704,29:17,29:20,3515,3519,,,,
705,29:20,29:22,3520,3524,,,,
706,29:22,29:25,3525,3529,,,,
707,29:25,29:27,3530,3534,,,,
708,29:27,29:30,3535,3539,,,,
709,29:30,29:32,3540,3544,,,,
710,29:32,29:35,3545,3549,,,,
711,29:35,29:37,3550,3554,,,,
712,29:37,29:40,3555,3559,,,,
713,29:40,29:42,3560,3564,,,,
714,29:42,29:45,3565,3569,,,,
715,29:45,29:47,3570,3574,,,,
716,29:47,29:50,3575,3579,,,,
717,29:50,29:52,3580,3584,,,,
718,29:52,29:55,3585,3589,,,,
719,29:55,29:57,3590,3594,,,,
720,29:57,30:00,3595,3599,,,,
721,30:00,30:02,3600,3604,,,,
722,30:02,30:05,3605,3609,,,,
723,30:05,30:07,3610,3614,,,,
724,30:07,30:10,3615,3619,,,,
725,30:10,30:12,3620,3624,,,,
726,30:12,30:15,3625,3629,,,,
727,30:15,30:17,3630,3634,,,,
728,30:17,30:20,3635,3639,,,,
729,30:20,30:22,3640,3644,,,,
730,30:22,30:25,3645,3649,,,,
731,30:25,30:27,3650,3654,,,,
732,30:27,30:30,3655,3659,,,,
733,30:30,30:32,3660,3664,,,,
734,30:32,30:35,3665,3669,,,,
735,30:35,30:37,3670,3674,,,,
736,30:37,30:40,3675,3679,,,,
737,30:40,30:42,3680,3684,,,,
738,30:42,30:45,3685,3689,,,,
739,30:45,30:47,3690,3694,,,,
740,30:47,30:50,3695,3699,,,,
741,30:50,30:52,3700,3704,,,,
742,30:52,30:55,3705,3709,,,,
743,30:55,30:57,3710,3714,,,,
744,30:57,31:00,3715,3719,,,,
745,31:00,31:02,3720,3724,,,,
746,31:02,31:05,3725,3729,,,,
747,31:05,31:07,3730,3734,,,,
748,31:07,31:10,3735,3739,,,,
749,31:10,31:12,3740,3744,,,,
750,31:12,31:15,3745,3749,,,,
751,31:15,31:17,3750,3754,,,,
752,31:17,31:20,3755,3759,,,,
753,31:20,31:22,3760,3764,,,,
754,31:22,31:25,3765,3769,,,,
755,31:25,31:27,3770,3774,,,,
756,31:27,31:30,3775,3779,,,,
757,31:30,31:32,3780,3784,,,,
758,31:32,31:35,3785,3789,,,,
759,31:35,31:37,3790,3794,,,,
760,31:37,31:40,3795,3799,,,,
761,31:40,31:42,3800,3804,,,,
762,31:42,31:45,3805,3809,,,,
763,31:45,31:47,3810,3814,,,,
764,31:47,31:50,3815,3819,,,,
765,31:50,31:52,3820,3824,,,,
766,31:52,31:55,3825,3829,,,,
767,31:55,31:57,3830,3834,,,,
768,31:57,32:00,3835,3839,,,,
769,32:00,32:02,3840,3844,,,,
770,32:02,32:05,3845,3849,,,,
771,32:05,32:07,3850,3854,,,,
772,32:07,32:10,3855,3859,,,,
773,32:10,32:12,3860,3864,,,,
774,32:12,32:15,3865,3869,,,,
775,32:15,32:17,3870,3874,,,,
776,32:17,32:20,3875,3879,,,,
777,32:20,32:22,3880,3884,,,,
778,32:22,32:25,3885,3889,,,,
779,32:25,32:27,3890,3894,,,,
780,32:27,32:30,3895,3899,,,,
781,32:30,32:32,3900,3904,,,,
782,32:32,32:35,3905,3909,,,,
783,32:35,32:37,3910,3914,,,,
784,32:37,32:40,3915,3919,,,,
785,32:40,32:42,3920,3924,,,,
786,32:42,32:45,3925,3929,,,,
787,32:45,32:47,3930,3934,,,,
788,32:47,32:50,3935,3939,,,,
789,32:50,32:52,3940,3944,,,,
790,32:52,32:55,3945,3949,,,,
791,32:55,32:57,3950,3954,,,,
792,32:57,33:00,3955,3959,,,,
793,33:00,33:02,3960,3964,,,,
794,33:02,33:05,3965,3969,,,,
795,33:05,33:07,3970,3974,,,,
796,33:07,33:10,3975,3979,,,,
797,33:10,33:12,3980,3984,,,,
798,33:12,33:15,3985,3989,,,,
799,33:15,33:17,3990,3994,,,,
800,33:17,33:20,3995,3999,,,,
801,33:20,33:22,4000,4004,,,,
802,33:22,33:25,4005,4009,,,,
803,33:25,33:27,4010,4014,,,,
804,33:27,33:30,4015,4019,,,,
805,33:30,33:32,4020,4024,,,,
806,33:32,33:35,4025,4029,,,,
807,33:35,33:37,4030,4034,,,,
808,33:37,33:40,4035,4039,,,,
809,33:40,33:42,4040,4044,,,,
810,33:42,33:45,4045,4049,,,,
811,33:45,33:47,4050,4054,,,,
812,33:47,33:50,4055,4059,,,,
813,33:50,33:52,4060,4064,,,,
814,33:52,33:55,4065,4069,,,,
815,33:55,33:57,4070,4074,,,,
816,33:57,34:00,4075,4079,,,,
817,34:00,34:02,4080,4084,,,,
818,34:02,34:05,4085,4089,,,,
819,34:05,34:07,4090,4094,,,,
820,34:07,34:10,4095,4099,,,,
821,34:10,34:12,4100,4104,,,,
822,34:12,34:15,4105,4109,,,,
823,34:15,34:17,4110,4114,,,,
824,34:17,34:20,4115,4119,,,,
825,34:20,34:22,4120,4124,,,,
826,34:22,34:25,4125,4129,,,,
827,34:25,34:27,4130,4134,,,,
828,34:27,34:30,4135,4139,,,,
829,34:30,34:32,4140,4144,,,,
830,34:32,34:35,4145,4149,,,,
831,34:35,34:37,4150,4154,,,,
832,34:37,34:40,4155,4159,,,,
833,34:40,34:42,4160,4164,,,,
834,34:42,34:45,4165,4169,,,,
835,34:45,34:47,4170,4174,,,,
836,34:47,34:50,4175,4179,,,,
837,34:50,34:52,4180,4184,,,,
838,34:52,34:55,4185,4189,,,,
839,34:55,34:57,4190,4194,,,,
840,34:57,35:00,4195,4199,,,,
841,35:00,35:02,4200,4204,,,,
842,35:02,35:05,4205,4209,,,,
843,35:05,35:07,4210,4214,,,,
844,35:07,35:10,4215,4219,,,,
845,35:10,35:12,4220,4224,,,,
846,35:12,35:15,4225,4229,,,,
847,35:15,35:17,4230,4234,,,,
848,35:17,35:20,4235,4239,,,,
849,35:20,35:22,4240,4244,,,,
850,35:22,35:25,4245,4249,,,,
851,35:25,35:27,4250,4254,,,,
852,35:27,35:30,4255,4259,,,,
853,35:30,35:32,4260,4264,,,,
854,35:32,35:35,4265,4269,,,,
855,35:35,35:37,4270,4274,,,,
856,35:37,35:40,4275,4279,,,,
857,35:40,35:42,4280,4284,,,,
858,35:42,35:45,4285,4289,,,,
859,35:45,35:47,4290,4294,,,,
860,35:47,35:50,4295,4299,,,,
861,35:50,35:52,4300,4304,,,,
862,35:52,35:55,4305,4309,,,,
863,35:55,35:57,4310,4314,,,,
864,35:57,36:00,4315,4319,,,,
865,36:00,36:02,4320,4324,,,,
866,36:02,36:05,4325,4329,,,,
867,36:05,36:07,4330,4334,,,,
868,36:07,36:10,4335,4339,,,,
869,36:10,36:12,4340,4344,,,,
870,36:12,36:15,4345,4349,,,,
871,36:15,36:17,4350,4354,,,,
872,36:17,36:20,4355,4359,,,,
873,36:20,36:22,4360,4364,,,,
874,36:22,36:25,4365,4369,,,,
875,36:25,36:27,4370,4374,,,,
876,36:27,36:30,4375,4379,,,,
877,36:30,36:32,4380,4384,,,,
878,36:32,36:35,4385,4389,,,,
879,36:35,36:37,4390,4394,,,,
880,36:37,36:40,4395,4399,,,,
881,36:40,36:42,4400,4404,,,,
882,36:42,36:45,4405,4409,,,,
883,36:45,36:47,4410,4414,,,,
884,36:47,36:50,4415,4419,,,,
885,36:50,36:52,4420,4424,,,,
886,36:52,36:55,4425,4429,,,,
887,36:55,36:57,4430,4434,,,,
888,36:57,37:00,4435,4439,,,,
889,37:00,37:02,4440,4444,,,,
890,37:02,37:05,4445,4449,,,,
891,37:05,37:07,4450,4454,,,,
892,37:07,37:10,4455,4459,,,,
893,37:10,37:12,4460,4464,,,,
894,37:12,37:15,4465,4469,,,,
895,37:15,37:17,4470,4474,,,,
896,37:17,37:20,4475,4479,,,,
897,37:20,37:22,4480,4484,,,,
898,37:22,37:25,4485,4489,,,,
899,37:25,37:27,4490,4494,,,,
900,37:27,37:30,4495,4499,,,,
901,37:30,37:32,4500,4504,,,,
902,37:32,37:35,4505,4509,,,,
903,37:35,37:37,4510,4514,,,,
904,37:37,37:40,4515,4519,,,,
905,37:40,37:42,4520,4524,,,,
906,37:42,37:45,4525,4529,,,,
907,37:45,37:47,4530,4534,,,,
908,37:47,37:50,4535,4539,,,,
909,37:50,37:52,4540,4544,,,,
910,37:52,37:55,4545,4549,,,,
911,37:55,37:57,4550,4554,,,,
912,37:57,38:00,4555,4559,,,,
913,38:00,38:02,4560,4564,,,,
914,38:02,38:05,4565,4569,,,,
915,38:05,38:07,4570,4574,,,,
916,38:07,38:10,4575,4579,,,,
917,38:10,38:12,4580,4584,,,,
918,38:12,38:15,4585,4589,,,,
919,38:15,38:17,4590,4594,,,,
920,38:17,38:20,4595,4599,,,,
921,38:20,38:22,4600,4604,,,,
922,38:22,38:25,4605,4609,,,,
923,38:25,38:27,4610,4614,,,,
924,38:27,38:30,4615,4619,,,,
925,38:30,38:32,4620,4624,,,,
926,38:32,38:35,4625,4629,,,,
927,38:35,38:37,4630,4634,,,,
928,38:37,38:40,4635,4639,,,,
929,38:40,38:42,4640,4644,,,,
930,38:42,38:45,4645,4649,,,,
931,38:45,38:47,4650,4654,,,,
932,38:47,38:50,4655,4659,,,,
933,38:50,38:52,4660,4664,,,,
934,38:52,38:55,4665,4669,,,,
935,38:55,38:57,4670,4674,,,,
936,38:57,39:00,4675,4679,,,,
937,39:00,39:02,4680,4684,,,,
938,39:02,39:05,4685,4689,,,,
939,39:05,39:07,4690,4694,,,,
940,39:07,39:10,4695,4699,,,,
941,39:10,39:12,4700,4704,,,,
942,39:12,39:15,4705,4709,,,,
943,39:15,39:17,4710,4714,,,,
944,39:17,39:20,4715,4719,,,,
945,39:20,39:22,4720,4724,,,,
946,39:22,39:25,4725,4729,,,,
947,39:25,39:27,4730,4734,,,,
948,39:27,39:30,4735,4739,,,,
949,39:30,39:32,4740,4744,,,,
950,39:32,39:35,4745,4749,,,,
951,39:35,39:37,4750,4754,,,,
952,39:37,39:40,4755,4759,,,,
953,39:40,39:42,4760,4764,,,,
954,39:42,39:45,4765,4769,,,,
955,39:45,39:47,4770,4774,,,,
956,39:47,39:50,4775,4779,,,,
957,39:50,39:52,4780,4784,,,,
958,39:52,39:55,4785,4789,,,,
959,39:55,39:57,4790,4794,,,,
960,39:57,40:00,4795,4799,,,,
961,40:00,40:02,4800,4804,,,,
962,40:02,40:05,4805,4809,,,,
963,40:05,40:07,4810,4814,,,,
964,40:07,40:10,4815,4819,,,,
965,40:10,40:12,4820,4824,,,,
966,40:12,40:15,4825,4829,,,,
967,40:15,40:17,4830,4834,,,,
968,40:17,40:20,4835,4839,,,,
969,40:20,40:22,4840,4844,,,,
970,40:22,40:25,4845,4849,,,,
971,40:25,40:27,4850,4854,,,,
972,40:27,40:30,4855,4859,,,,
973,40:30,40:32,4860,4864,,,,
974,40:32,40:35,4865,4869,,,,
975,40:35,40:37,4870,4874,,,,
976,40:37,40:40,4875,4879,,,,
977,40:40,40:42,4880,4884,,,,
978,40:42,40:45,4885,4889,,,,
979,40:45,40:47,4890,4894,,,,
980,40:47,40:50,4895,4899,,,,
981,40:50,40:52,4900,4904,,,,
982,40:52,40:55,4905,4909,,,,
983,40:55,40:57,4910,4914,,,,
984,40:57,41:00,4915,4919,,,,
985,41:00,41:02,4920,4924,,,,
986,41:02,41:05,4925,4929,,,,
987,41:05,41:07,4930,4934,,,,
988,41:07,41:10,4935,4939,,,,
989,41:10,41:12,4940,4944,,,,
990,41:12,41:15,4945,4949,,,,
991,41:15,41:17,4950,4954,,,,
992,41:17,41:20,4955,4959,,,,
993,41:20,41:22,4960,4964,,,,
994,41:22,41:25,4965,4969,,,,
995,41:25,41:27,4970,4974,,,,
996,41:27,41:30,4975,4979,,,,
997,41:30,41:32,4980,4984,,,,
998,41:32,41:35,4985,4989,,,,
999,41:35,41:37,4990,4994,,,,
1000,41:37,41:40,4995,4999,,,,
1001,41:40,41:42,5000,5004,,,,
1002,41:42,41:45,5005,5009,,,,
1003,41:45,41:47,5010,5014,,,,
1004,41:47,41:50,5015,5019,,,,
1005,41:50,41:52,5020,5024,,,,
1006,41:52,41:55,5025,5029,,,,
1007,41:55,41:57,5030,5034,,,,
1008,41:57,42:00,5035,5039,,,,
1009,42:00,42:02,5040,5044,,,,
1010,42:02,42:05,5045,5049,,,,
1011,42:05,42:07,5050,5054,,,,
1012,42:07,42:10,5055,5059,,,,
1013,42:10,42:12,5060,5064,,,,
1014,42:12,42:15,5065,5069,,,,
1015,42:15,42:17,5070,5074,,,,
1016,42:17,42:20,5075,5079,,,,
1017,42:20,42:22,5080,5084,,,,
1018,42:22,42:25,5085,5089,,,,
1019,42:25,42:27,5090,5094,,,,
1020,42:27,42:30,5095,5099,,,,
1021,42:30,42:32,5100,5104,,,,
1022,42:32,42:35,5105,5109,,,,
1023,42:35,42:37,5110,5114,,,,
1024,42:37,42:40,5115,5119,,,,
1025,42:40,42:42,5120,5124,,,,
1026,42:42,42:45,5125,5129,,,,
1027,42:45,42:47,5130,5134,,,,
1028,42:47,42:50,5135,5139,,,,
1029,42:50,42:52,5140,5144,,,,
1030,42:52,42:55,5145,5149,,,,
1031,42:55,42:57,5150,5154,,,,
1032,42:57,43:00,5155,5159,,,,
1033,43:00,43:02,5160,5164,,,,
1034,43:02,43:05,5165,5169,,,,
1035,43:05,43:07,5170,5174,,,,
1036,43:07,43:10,5175,5179,,,,
1037,43:10,43:12,5180,5184,,,,
1038,43:12,43:15,5185,5189,,,,
1039,43:15,43:17,5190,5194,,,,
1040,43:17,43:20,5195,5199,,,,
1041,43:20,43:22,5200,5204,,,,
1042,43:22,43:25,5205,5209,,,,
1043,43:25,43:27,5210,5214,,,,
1044,43:27,43:30,5215,5219,,,,
1045,43:30,43:32,5220,5224,,,,
1046,43:32,43:35,5225,5229,,,,
1047,43:35,43:37,5230,5234,,,,
1048,43:37,43:40,5235,5239,,,,
1049,43:40,43:42,5240,5244,,,,
1050,43:42,43:45,5245,5249,,,,
1051,43:45,43:47,5250,5254,,,,
1052,43:47,43:50,5255,5259,,,,
1053,43:50,43:52,5260,5264,,,,
1054,43:52,43:55,5265,5269,,,,
1055,43:55,43:57,5270,5274,,,,
1056,43:57,44:00,5275,5279,,,,
1057,44:00,44:02,5280,5284,,,,
1058,44:02,44:05,5285,5289,,,,
1059,44:05,44:07,5290,5294,,,,
1060,44:07,44:10,5295,5299,,,,
1061,44:10,44:12,5300,5304,,,,
1062,44:12,44:15,5305,5309,,,,
1063,44:15,44:17,5310,5314,,,,
1064,44:17,44:20,5315,5319,,,,
1065,44:20,44:22,5320,5324,,,,
1066,44:22,44:25,5325,5329,,,,
1067,44:25,44:27,5330,5334,,,,
1068,44:27,44:30,5335,5339,,,,
1069,44:30,44:32,5340,5344,,,,
1070,44:32,44:35,5345,5349,,,,
1071,44:35,44:37,5350,5354,,,,
1072,44:37,44:40,5355,5359,,,,
1073,44:40,44:42,5360,5364,,,,
1074,44:42,44:45,5365,5369,,,,
1075,44:45,44:47,5370,5374,,,,
1076,44:47,44:50,5375,5379,,,,
1077,44:50,44:52,5380,5384,,,,
1078,44:52,44:55,5385,5389,,,,
1079,44:55,44:57,5390,5394,,,,
1080,44:57,45:00,5395,5399,,,,
1081,45:00,45:02,5400,5404,,,,
1082,45:02,45:05,5405,5409,,,,
1083,45:05,45:07,5410,5414,,,,
1084,45:07,45:10,5415,5419,,,,
1085,45:10,45:12,5420,5424,,,,
1086,45:12,45:15,5425,5429,,,,
1087,45:15,45:17,5430,5434,,,,
1088,45:17,45:20,5435,5439,,,,
1089,45:20,45:22,5440,5444,,,,
1090,45:22,45:25,5445,5449,,,,
1091,45:25,45:27,5450,5454,,,,
1092,45:27,45:30,5455,5459,,,,
1093,45:30,45:32,5460,5464,,,,
1094,45:32,45:35,5465,5469,,,,
1095,45:35,45:37,5470,5474,,,,
1096,45:37,45:40,5475,5479,,,,
1097,45:40,45:42,5480,5484,,,,
1098,45:42,45:45,5485,5489,,,,
1099,45:45,45:47,5490,5494,,,,
1100,45:47,45:50,5495,5499,,,,
1101,45:50,45:52,5500,5504,,,,
1102,45:52,45:55,5505,5509,,,,
1103,45:55,45:57,5510,5514,,,,
1104,45:57,46:00,5515,5519,,,,
1105,46:00,46:02,5520,5524,,,,
1106,46:02,46:05,5525,5529,,,,
1107,46:05,46:07,5530,5534,,,,
1108,46:07,46:10,5535,5539,,,,
1109,46:10,46:12,5540,5544,,,,
1110,46:12,46:15,5545,5549,,,,
1111,46:15,46:17,5550,5554,,,,
1112,46:17,46:20,5555,5559,,,,
1113,46:20,46:22,5560,5564,,,,
1114,46:22,46:25,5565,5569,,,,
1115,46:25,46:27,5570,5574,,,,
1116,46:27,46:30,5575,5579,,,,
1117,46:30,46:32,5580,5584,,,,
1118,46:32,46:35,5585,5589,,,,
1119,46:35,46:37,5590,5594,,,,
1120,46:37,46:40,5595,5599,,,,
1121,46:40,46:42,5600,5604,,,,
1122,46:42,46:45,5605,5609,,,,
1123,46:45,46:47,5610,5614,,,,
1124,46:47,46:50,5615,5619,,,,
1125,46:50,46:52,5620,5624,,,,
1126,46:52,46:55,5625,5629,,,,
1127,46:55,46:57,5630,5634,,,,
1128,46:57,47:00,5635,5639,,,,
1129,47:00,47:02,5640,5644,,,,
1130,47:02,47:05,5645,5649,,,,
1131,47:05,47:07,5650,5654,,,,
1132,47:07,47:10,5655,5659,,,,
1133,47:10,47:12,5660,5664,,,,
1134,47:12,47:15,5665,5669,,,,
1135,47:15,47:17,5670,5674,,,,
1136,47:17,47:20,5675,5679,,,,
1137,47:20,47:22,5680,5684,,,,
1138,47:22,47:25,5685,5689,,,,
1139,47:25,47:27,5690,5694,,,,
1140,47:27,47:30,5695,5699,,,,
1141,47:30,47:32,5700,5704,,,,
1142,47:32,47:35,5705,5709,,,,
1143,47:35,47:37,5710,5714,,,,
1144,47:37,47:40,5715,5719,,,,
1145,47:40,47:42,5720,5724,,,,
1146,47:42,47:45,5725,5729,,,,
1147,47:45,47:47,5730,5734,,,,
1148,47:47,47:50,5735,5739,,,,
1149,47:50,47:52,5740,5744,,,,
1150,47:52,47:55,5745,5749,,,,
1151,47:55,47:57,5750,5754,,,,
1152,47:57,48:00,5755,5759,,,,
1153,48:00,48:02,5760,5764,,,,
1154,48:02,48:05,5765,5769,,,,
1155,48:05,48:07,5770,5774,,,,
1156,48:07,48:10,5775,5779,,,,
1157,48:10,48:12,5780,5784,,,,
1158,48:12,48:15,5785,5789,,,,
1159,48:15,48:17,5790,5794,,,,
1160,48:17,48:20,5795,5799,,,,
1161,48:20,48:22,5800,5804,,,,
1162,48:22,48:25,5805,5809,,,,
1163,48:25,48:27,5810,5814,,,,
1164,48:27,48:30,5815,5819,,,,
1165,48:30,48:32,5820,5824,,,,
1166,48:32,48:35,5825,5829,,,,
1167,48:35,48:37,5830,5834,,,,
1168,48:37,48:40,5835,5839,,,,
1169,48:40,48:42,5840,5844,,,,
1170,48:42,48:45,5845,5849,,,,
1171,48:45,48:47,5850,5854,,,,
1172,48:47,48:50,5855,5859,,,,
1173,48:50,48:52,5860,5864,,,,
1174,48:52,48:55,5865,5869,,,,
1175,48:55,48:57,5870,5874,,,,
1176,48:57,49:00,5875,5879,,,,
1177,49:00,49:02,5880,5884,,,,
1178,49:02,49:05,5885,5889,,,,
1179,49:05,49:07,5890,5894,,,,
1180,49:07,49:10,5895,5899,,,,
1181,49:10,49:12,5900,5904,,,,
1182,49:12,49:15,5905,5909,,,,
1183,49:15,49:17,5910,5914,,,,
1184,49:17,49:20,5915,5919,,,,
1185,49:20,49:22,5920,5924,,,,
1186,49:22,49:25,5925,5929,,,,
1187,49:25,49:27,5930,5934,,,,
1188,49:27,49:30,5935,5939,,,,
1189,49:30,49:32,5940,5944,,,,
1190,49:32,49:35,5945,5949,,,,
1191,49:35,49:37,5950,5954,,,,
1192,49:37,49:40,5955,5959,,,,
1193,49:40,49:42,5960,5964,,,,
1194,49:42,49:45,5965,5969,,,,
1195,49:45,49:47,5970,5974,,,,
1196,49:47,49:50,5975,5979,,,,
1197,49:50,49:52,5980,5984,,,,
1198,49:52,49:55,5985,5989,,,,
1199,49:55,49:57,5990,5994,,,,
1200,49:57,50:00,5995,5999,,,,
1201,50:00,50:02,6000,6004,,,,
1202,50:02,50:05,6005,6009,,,,
1203,50:05,50:07,6010,6014,,,,
1204,50:07,50:10,6015,6019,,,,
1205,50:10,50:12,6020,6024,,,,
1206,50:12,50:15,6025,6029,,,,
1207,50:15,50:17,6030,6034,,,,
1208,50:17,50:20,6035,6039,,,,
1209,50:20,50:22,6040,6044,,,,
1210,50:22,50:25,6045,6049,,,,
1211,50:25,50:27,6050,6054,,,,
1212,50:27,50:30,6055,6059,,,,
1213,50:30,50:32,6060,6064,,,,
1214,50:32,50:35,6065,6069,,,,
1215,50:35,50:37,6070,6074,,,,
1216,50:37,50:40,6075,6079,,,,
1217,50:40,50:42,6080,6084,,,,
1218,50:42,50:45,6085,6089,,,,
1219,50:45,50:47,6090,6094,,,,
1220,50:47,50:50,6095,6099,,,,
1221,50:50,50:52,6100,6104,,,,
1222,50:52,50:55,6105,6109,,,,
1223,50:55,50:57,6110,6114,,,,
1224,50:57,51:00,6115,6119,,,,
1225,51:00,51:02,6120,6124,,,,
1226,51:02,51:05,6125,6129,,,,
1227,51:05,51:07,6130,6134,,,,
1228,51:07,51:10,6135,6139,,,,
1229,51:10,51:12,6140,6144,,,,
1230,51:12,51:15,6145,6149,,,,
1231,51:15,51:17,6150,6154,,,,
1232,51:17,51:20,6155,6159,,,,
1233,51:20,51:22,6160,6164,,,,
1234,51:22,51:25,6165,6169,,,,
1235,51:25,51:27,6170,6174,,,,
1236,51:27,51:30,6175,6179,,,,
1237,51:30,51:32,6180,6184,,,,
1238,51:32,51:35,6185,6189,,,,
1239,51:35,51:37,6190,6194,,,,
1240,51:37,51:40,6195,6199,,,,
1241,51:40,51:42,6200,6204,,,,
1242,51:42,51:45,6205,6209,,,,
1243,51:45,51:47,6210,6214,,,,
1244,51:47,51:50,6215,6219,,,,
1245,51:50,51:52,6220,6224,,,,
1246,51:52,51:55,6225,6229,,,,
1247,51:55,51:57,6230,6234,,,,
1248,51:57,52:00,6235,6239,,,,
1249,52:00,52:02,6240,6244,,,,
1250,52:02,52:05,6245,6249,,,,
1251,52:05,52:07,6250,6254,,,,
1252,52:07,52:10,6255,6259,,,,
1253,52:10,52:12,6260,6264,,,,
1254,52:12,52:15,6265,6269,,,,
1255,52:15,52:17,6270,6274,,,,
1256,52:17,52:20,6275,6279,,,,
1257,52:20,52:22,6280,6284,,,,
1258,52:22,52:25,6285,6289,,,,
1259,52:25,52:27,6290,6294,,,,
1260,52:27,52:30,6295,6299,,,,
1261,52:30,52:32,6300,6304,,,,
1262,52:32,52:35,6305,6309,,,,
1263,52:35,52:37,6310,6314,,,,
1264,52:37,52:40,6315,6319,,,,
1265,52:40,52:42,6320,6324,,,,
1266,52:42,52:45,6325,6329,,,,
1267,52:45,52:47,6330,6334,,,,
1268,52:47,52:50,6335,6339,,,,
1269,52:50,52:52,6340,6344,,,,
1270,52:52,52:55,6345,6349,,,,
1271,52:55,52:57,6350,6354,,,,
1272,52:57,53:00,6355,6359,,,,
1273,53:00,53:02,6360,6364,,,,
1274,53:02,53:05,6365,6369,,,,
1275,53:05,53:07,6370,6374,,,,
1276,53:07,53:10,6375,6379,,,,
1277,53:10,53:12,6380,6384,,,,
1278,53:12,53:15,6385,6389,,,,
1279,53:15,53:17,6390,6394,,,,
1280,53:17,53:20,6395,6399,,,,
1281,53:20,53:22,6400,6404,,,,
1282,53:22,53:25,6405,6409,,,,
1283,53:25,53:27,6410,6414,,,,
1284,53:27,53:30,6415,6419,,,,
1285,53:30,53:32,6420,6424,,,,
1286,53:32,53:35,6425,6429,,,,
1287,53:35,53:37,6430,6434,,,,
1288,53:37,53:40,6435,6439,,,,
1289,53:40,53:42,6440,6444,,,,
1290,53:42,53:45,6445,6449,,,,
1291,53:45,53:47,6450,6454,,,,
1292,53:47,53:50,6455,6459,,,,
1293,53:50,53:52,6460,6464,,,,
1294,53:52,53:55,6465,6469,,,,
1295,53:55,53:57,6470,6474,,,,
1296,53:57,54:00,6475,6479,,,,
1297,54:00,54:02,6480,6484,,,,
1298,54:02,54:05,6485,6489,,,,
1299,54:05,54:07,6490,6494,,,,
1300,54:07,54:10,6495,6499,,,,
1301,54:10,54:12,6500,6504,,,,
1302,54:12,54:15,6505,6509,,,,
1303,54:15,54:17,6510,6514,,,,
1304,54:17,54:20,6515,6519,,,,
1305,54:20,54:22,6520,6524,,,,
1306,54:22,54:25,6525,6529,,,,
1307,54:25,54:27,6530,6534,,,,
1308,54:27,54:30,6535,6539,,,,
1309,54:30,54:32,6540,6544,,,,
1310,54:32,54:35,6545,6549,,,,
1311,54:35,54:37,6550,6554,,,,
1312,54:37,54:40,6555,6559,,,,
1313,54:40,54:42,6560,6564,,,,
1314,54:42,54:45,6565,6569,,,,
1315,54:45,54:47,6570,6574,,,,
1316,54:47,54:50,6575,6579,,,,
1317,54:50,54:52,6580,6584,,,,
1318,54:52,54:55,6585,6589,,,,
1319,54:55,54:57,6590,6594,,,,
1320,54:57,55:00,6595,6599,,,,
1321,55:00,55:02,6600,6604,,,,
1322,55:02,55:05,6605,6609,,,,
1323,55:05,55:07,6610,6614,,,,
1324,55:07,55:10,6615,6619,,,,
1325,55:10,55:12,6620,6624,,,,
1326,55:12,55:15,6625,6629,,,,
1327,55:15,55:17,6630,6634,,,,
1328,55:17,55:20,6635,6639,,,,
1329,55:20,55:22,6640,6644,,,,
1330,55:22,55:25,6645,6649,,,,
1331,55:25,55:27,6650,6654,,,,
1332,55:27,55:30,6655,6659,,,,
1333,55:30,55:32,6660,6664,,,,
1334,55:32,55:35,6665,6669,,,,
1335,55:35,55:37,6670,6674,,,,
1336,55:37,55:40,6675,6679,,,,
1337,55:40,55:42,6680,6684,,,,
1338,55:42,55:45,6685,6689,,,,
1339,55:45,55:47,6690,6694,,,,
1340,55:47,55:50,6695,6699,,,,
1341,55:50,55:52,6700,6704,,,,
1342,55:52,55:55,6705,6709,,,,
1343,55:55,55:57,6710,6714,,,,
1344,55:57,56:00,6715,6719,,,,
1345,56:00,56:02,6720,6724,,,,
1346,56:02,56:05,6725,6729,,,,
1347,56:05,56:07,6730,6734,,,,
1348,56:07,56:10,6735,6739,,,,
1349,56:10,56:12,6740,6744,,,,
1350,56:12,56:15,6745,6749,,,,
1351,56:15,56:17,6750,6754,,,,
1352,56:17,56:20,6755,6759,,,,
1353,56:20,56:22,6760,6764,,,,
1354,56:22,56:25,6765,6769,,,,
1355,56:25,56:27,6770,6774,,,,
1356,56:27,56:30,6775,6779,,,,
1357,56:30,56:32,6780,6784,,,,
1358,56:32,56:35,6785,6789,,,,
1359,56:35,56:37,6790,6794,,,,
1360,56:37,56:40,6795,6799,,,,
1361,56:40,56:42,6800,6804,,,,
1362,56:42,56:45,6805,6809,,,,
1363,56:45,56:47,6810,6814,,,,
1364,56:47,56:50,6815,6819,,,,
1365,56:50,56:52,6820,6824,,,,
1366,56:52,56:55,6825,6829,,,,
1367,56:55,56:57,6830,6834,,,,
1368,56:57,57:00,6835,6839,,,,
1369,57:00,57:02,6840,6844,,,,
1370,57:02,57:05,6845,6849,,,,
1371,57:05,57:07,6850,6854,,,,
1372,57:07,57:10,6855,6859,,,,
1373,57:10,57:12,6860,6864,,,,
1374,57:12,57:15,6865,6869,,,,
1375,57:15,57:17,6870,6874,,,,
1376,57:17,57:20,6875,6879,,,,
1377,57:20,57:22,6880,6884,,,,
1378,57:22,57:25,6885,6889,,,,
1379,57:25,57:27,6890,6894,,,,
1380,57:27,57:30,6895,6899,,,,
1381,57:30,57:32,6900,6904,,,,
1382,57:32,57:35,6905,6909,,,,
1383,57:35,57:37,6910,6914,,,,
1384,57:37,57:40,6915,6919,,,,
1385,57:40,57:42,6920,6924,,,,
1386,57:42,57:45,6925,6929,,,,
1387,57:45,57:47,6930,6934,,,,
1388,57:47,57:50,6935,6939,,,,
1389,57:50,57:52,6940,6944,,,,
1390,57:52,57:55,6945,6949,,,,
1391,57:55,57:57,6950,6954,,,,
1392,57:57,58:00,6955,6959,,,,
1393,58:00,58:02,6960,6964,,,,
1394,58:02,58:05,6965,6969,,,,
1395,58:05,58:07,6970,6974,,,,
1396,58:07,58:10,6975,6979,,,,
1397,58:10,58:12,6980,6984,,,,
1398,58:12,58:15,6985,6989,,,,
1399,58:15,58:17,6990,6994,,,,
1400,58:17,58:20,6995,6999,,,,
1401,58:20,58:22,7000,7004,,,,
1402,58:22,58:25,7005,7009,,,,
1403,58:25,58:27,7010,7014,,,,
1404,58:27,58:30,7015,7019,,,,
1405,58:30,58:32,7020,7024,,,,
1406,58:32,58:35,7025,7029,,,,
1407,58:35,58:37,7030,7034,,,,
1408,58:37,58:40,7035,7039,,,,
1409,58:40,58:42,7040,7044,,,,
1410,58:42,58:45,7045,7049,,,,
1411,58:45,58:47,7050,7054,,,,
1412,58:47,58:50,7055,7059,,,,
1413,58:50,58:52,7060,7064,,,,
1414,58:52,58:55,7065,7069,,,,
1415,58:55,58:57,7070,7074,,,,
1416,58:57,59:00,7075,7079,,,,
1417,59:00,59:02,7080,7084,,,,
1418,59:02,59:05,7085,7089,,,,
1419,59:05,59:07,7090,7094,,,,
1420,59:07,59:10,7095,7099,,,,
1421,59:10,59:12,7100,7104,,,,
1422,59:12,59:15,7105,7109,,,,
1423,59:15,59:17,7110,7114,,,,
1424,59:17,59:20,7115,7119,,,,
1425,59:20,59:22,7120,7124,,,,
1426,59:22,59:25,7125,7129,,,,
1427,59:25,59:27,7130,7134,,,,
1428,59:27,59:30,7135,7139,,,,
1429,59:30,59:32,7140,7144,,,,
1430,59:32,59:35,7145,7149,,,,
1431,59:35,59:37,7150,7154,,,,
1432,59:37,59:40,7155,7159,,,,
1433,59:40,59:42,7160,7164,,,,
1434,59:42,59:45,7165,7169,,,,
1435,59:45,59:47,7170,7174,,,,
1436,59:47,59:50,7175,7179,,,,
1437,59:50,59:52,7180,7184,,,,
1438,59:52,59:55,7185,7189,,,,
1439,59:55,59:57,7190,7194,,,,
1440,59:57,01:00:00,7195,7199,,,,
1441,01:00:00,01:00:02,7200,7204,,,,
1442,01:00:02,01:00:05,7205,7209,,,,
1443,01:00:05,01:00:07,7210,7214,,,,
1444,01:00:07,01:00:10,7215,7219,,,,
1445,01:00:10,01:00:12,7220,7224,,,,
1446,01:00:12,01:00:15,7225,7229,,,,
1447,01:00:15,01:00:17,7230,7234,,,,
1448,01:00:17,01:00:20,7235,7239,,,,
1449,01:00:20,01:00:22,7240,7244,,,,
1450,01:00:22,01:00:25,7245,7249,,,,
1451,01:00:25,01:00:27,7250,7254,,,,
1452,01:00:27,01:00:30,7255,7259,,,,
1453,01:00:30,01:00:32,7260,7264,,,,
1454,01:00:32,01:00:35,7265,7269,,,,
1455,01:00:35,01:00:37,7270,7274,,,,
1456,01:00:37,01:00:40,7275,7279,,,,
1457,01:00:40,01:00:42,7280,7284,,,,
1458,01:00:42,01:00:45,7285,7289,,,,
1459,01:00:45,01:00:47,7290,7294,,,,
1460,01:00:47,01:00:50,7295,7299,,,,
1461,01:00:50,01:00:52,7300,7304,,,,
1462,01:00:52,01:00:55,7305,7309,,,,
1463,01:00:55,01:00:57,7310,7314,,,,
1464,01:00:57,01:01:00,7315,7319,,,,
1465,01:01:00,01:01:02,7320,7324,,,,
1466,01:01:02,01:01:05,7325,7329,,,,
1467,01:01:05,01:01:07,7330,7334,,,,
1468,01:01:07,01:01:10,7335,7339,,,,
1469,01:01:10,01:01:12,7340,7344,,,,
1470,01:01:12,01:01:15,7345,7349,,,,
1471,01:01:15,01:01:17,7350,7354,,,,
1472,01:01:17,01:01:20,7355,7359,,,,
1473,01:01:20,01:01:22,7360,7364,,,,
1474,01:01:22,01:01:25,7365,7369,,,,
1475,01:01:25,01:01:27,7370,7374,,,,
1476,01:01:27,01:01:30,7375,7379,,,,
1477,01:01:30,01:01:32,7380,7384,,,,
1478,01:01:32,01:01:35,7385,7389,,,,
1479,01:01:35,01:01:37,7390,7394,,,,
1480,01:01:37,01:01:40,7395,7399,,,,
1481,01:01:40,01:01:42,7400,7404,,,,
1482,01:01:42,01:01:45,7405,7409,,,,
1483,01:01:45,01:01:47,7410,7414,,,,
1484,01:01:47,01:01:50,7415,7419,,,,
1485,01:01:50,01:01:52,7420,7424,,,,
1486,01:01:52,01:01:55,7425,7429,,,,
1487,01:01:55,01:01:57,7430,7434,,,,
1488,01:01:57,01:02:00,7435,7439,,,,
1489,01:02:00,01:02:02,7440,7444,,,,
1490,01:02:02,01:02:05,7445,7449,,,,
1491,01:02:05,01:02:07,7450,7454,,,,
1492,01:02:07,01:02:10,7455,7459,,,,
1493,01:02:10,01:02:12,7460,7464,,,,
1494,01:02:12,01:02:15,7465,7469,,,,
1495,01:02:15,01:02:17,7470,7474,,,,
1496,01:02:17,01:02:20,7475,7479,,,,
1497,01:02:20,01:02:22,7480,7484,,,,
1498,01:02:22,01:02:25,7485,7489,,,,
1499,01:02:25,01:02:27,7490,7494,,,,
1500,01:02:27,01:02:30,7495,7499,,,,
1501,01:02:30,01:02:32,7500,7504,,,,
1502,01:02:32,01:02:35,7505,7509,,,,
1503,01:02:35,01:02:37,7510,7514,,,,
1504,01:02:37,01:02:40,7515,7519,,,,
1505,01:02:40,01:02:42,7520,7524,,,,
1506,01:02:42,01:02:45,7525,7529,,,,
1507,01:02:45,01:02:47,7530,7534,,,,
1508,01:02:47,01:02:50,7535,7539,,,,
1509,01:02:50,01:02:52,7540,7544,,,,
1510,01:02:52,01:02:55,7545,7549,,,,
1511,01:02:55,01:02:57,7550,7554,,,,
1512,01:02:57,01:03:00,7555,7559,,,,
1513,01:03:00,01:03:02,7560,7564,,,,
1514,01:03:02,01:03:05,7565,7569,,,,
1515,01:03:05,01:03:07,7570,7574,,,,
1516,01:03:07,01:03:10,7575,7579,,,,
1517,01:03:10,01:03:12,7580,7584,,,,
1518,01:03:12,01:03:15,7585,7589,,,,
1519,01:03:15,01:03:17,7590,7594,,,,
1520,01:03:17,01:03:20,7595,7599,,,,
1521,01:03:20,01:03:22,7600,7604,,,,
1522,01:03:22,01:03:25,7605,7609,,,,
1523,01:03:25,01:03:27,7610,7614,,,,
1524,01:03:27,01:03:30,7615,7619,,,,
1525,01:03:30,01:03:32,7620,7624,,,,
1526,01:03:32,01:03:35,7625,7629,,,,
1527,01:03:35,01:03:37,7630,7634,,,,
1528,01:03:37,01:03:40,7635,7639,,,,
1529,01:03:40,01:03:42,7640,7644,,,,
1530,01:03:42,01:03:45,7645,7649,,,,
1531,01:03:45,01:03:47,7650,7654,,,,
1532,01:03:47,01:03:50,7655,7659,,,,
1533,01:03:50,01:03:52,7660,7664,,,,
1534,01:03:52,01:03:55,7665,7669,,,,
1535,01:03:55,01:03:57,7670,7674,,,,
1536,01:03:57,01:04:00,7675,7679,,,,
1537,01:04:00,01:04:02,7680,7684,,,,
1538,01:04:02,01:04:05,7685,7689,,,,
1539,01:04:05,01:04:07,7690,7694,,,,
1540,01:04:07,01:04:10,7695,7699,,,,
1541,01:04:10,01:04:12,7700,7704,,,,
1542,01:04:12,01:04:15,7705,7709,,,,
1543,01:04:15,01:04:17,7710,7714,,,,
1544,01:04:17,01:04:20,7715,7719,,,,
1545,01:04:20,01:04:22,7720,7724,,,,
1546,01:04:22,01:04:25,7725,7729,,,,
1547,01:04:25,01:04:27,7730,7734,,,,
1548,01:04:27,01:04:30,7735,7739,,,,
1549,01:04:30,01:04:32,7740,7744,,,,
1550,01:04:32,01:04:35,7745,7749,,,,
1551,01:04:35,01:04:37,7750,7754,,,,
1552,01:04:37,01:04:40,7755,7759,,,,
1553,01:04:40,01:04:42,7760,7764,,,,
1554,01:04:42,01:04:45,7765,7769,,,,
1555,01:04:45,01:04:47,7770,7774,,,,
1556,01:04:47,01:04:50,7775,7779,,,,
1557,01:04:50,01:04:52,7780,7784,,,,
1558,01:04:52,01:04:55,7785,7789,,,,
1559,01:04:55,01:04:57,7790,7794,,,,
1560,01:04:57,01:05:00,7795,7799,,,,
1561,01:05:00,01:05:02,7800,7804,,,,
1562,01:05:02,01:05:05,7805,7809,,,,
1563,01:05:05,01:05:07,7810,7814,,,,
1564,01:05:07,01:05:10,7815,7819,,,,
1565,01:05:10,01:05:12,7820,7824,,,,
1566,01:05:12,01:05:15,7825,7829,,,,
1567,01:05:15,01:05:17,7830,7834,,,,
1568,01:05:17,01:05:20,7835,7839,,,,
1569,01:05:20,01:05:22,7840,7844,,,,
1570,01:05:22,01:05:25,7845,7849,,,,
1571,01:05:25,01:05:27,7850,7854,,,,
1572,01:05:27,01:05:30,7855,7859,,,,
1573,01:05:30,01:05:32,7860,7864,,,,
1574,01:05:32,01:05:35,7865,7869,,,,
1575,01:05:35,01:05:37,7870,7874,,,,
1576,01:05:37,01:05:40,7875,7879,,,,
1577,01:05:40,01:05:42,7880,7884,,,,
1578,01:05:42,01:05:45,7885,7889,,,,
1579,01:05:45,01:05:47,7890,7894,,,,
1580,01:05:47,01:05:50,7895,7899,,,,
1581,01:05:50,01:05:52,7900,7904,,,,
1582,01:05:52,01:05:55,7905,7909,,,,
1583,01:05:55,01:05:57,7910,7914,,,,
1584,01:05:57,01:06:00,7915,7919,,,,
1585,01:06:00,01:06:02,7920,7924,,,,
1586,01:06:02,01:06:05,7925,7929,,,,
1587,01:06:05,01:06:07,7930,7934,,,,
1588,01:06:07,01:06:10,7935,7939,,,,
1589,01:06:10,01:06:12,7940,7944,,,,
1590,01:06:12,01:06:15,7945,7949,,,,
1591,01:06:15,01:06:17,7950,7954,,,,
1592,01:06:17,01:06:20,7955,7959,,,,
1593,01:06:20,01:06:22,7960,7964,,,,
1594,01:06:22,01:06:25,7965,7969,,,,
1595,01:06:25,01:06:27,7970,7974,,,,
1596,01:06:27,01:06:30,7975,7979,,,,
1597,01:06:30,01:06:32,7980,7984,,,,
1598,01:06:32,01:06:35,7985,7989,,,,
1599,01:06:35,01:06:37,7990,7994,,,,
1600,01:06:37,01:06:40,7995,7999,,,,
1601,01:06:40,01:06:42,8000,8004,,,,
1602,01:06:42,01:06:45,8005,8009,,,,
1603,01:06:45,01:06:47,8010,8014,,,,
1604,01:06:47,01:06:50,8015,8019,,,,
1605,01:06:50,01:06:52,8020,8024,,,,
1606,01:06:52,01:06:55,8025,8029,,,,
1607,01:06:55,01:06:57,8030,8034,,,,
1608,01:06:57,01:07:00,8035,8039,,,,
1609,01:07:00,01:07:02,8040,8044,,,,
1610,01:07:02,01:07:05,8045,8049,,,,
1611,01:07:05,01:07:07,8050,8054,,,,
1612,01:07:07,01:07:10,8055,8059,,,,
1613,01:07:10,01:07:12,8060,8064,,,,
1614,01:07:12,01:07:15,8065,8069,,,,
1615,01:07:15,01:07:17,8070,8074,,,,
1616,01:07:17,01:07:20,8075,8079,,,,
1617,01:07:20,01:07:22,8080,8084,,,,
1618,01:07:22,01:07:25,8085,8089,,,,
1619,01:07:25,01:07:27,8090,8094,,,,
1620,01:07:27,01:07:30,8095,8099,,,,
1621,01:07:30,01:07:32,8100,8104,,,,
1622,01:07:32,01:07:35,8105,8109,,,,
1623,01:07:35,01:07:37,8110,8114,,,,
1624,01:07:37,01:07:40,8115,8119,,,,
1625,01:07:40,01:07:42,8120,8124,,,,
1626,01:07:42,01:07:45,8125,8129,,,,
1627,01:07:45,01:07:47,8130,8134,,,,
1628,01:07:47,01:07:50,8135,8139,,,,
1629,01:07:50,01:07:52,8140,8144,,,,
1630,01:07:52,01:07:55,8145,8149,,,,
1631,01:07:55,01:07:57,8150,8154,,,,
1632,01:07:57,01:08:00,8155,8159,,,,
1633,01:08:00,01:08:02,8160,8164,,,,
1634,01:08:02,01:08:05,8165,8169,,,,
1635,01:08:05,01:08:07,8170,8174,,,,
1636,01:08:07,01:08:10,8175,8179,,,,
1637,01:08:10,01:08:12,8180,8184,,,,
1638,01:08:12,01:08:15,8185,8189,,,,
1639,01:08:15,01:08:17,8190,8194,,,,
1640,01:08:17,01:08:20,8195,8199,,,,
1641,01:08:20,01:08:22,8200,8204,,,,
1642,01:08:22,01:08:25,8205,8209,,,,
1643,01:08:25,01:08:27,8210,8214,,,,
1644,01:08:27,01:08:30,8215,8219,,,,
1645,01:08:30,01:08:32,8220,8224,,,,
1646,01:08:32,01:08:35,8225,8229,,,,
1647,01:08:35,01:08:37,8230,8234,,,,
1648,01:08:37,01:08:40,8235,8239,,,,
1649,01:08:40,01:08:42,8240,8244,,,,
1650,01:08:42,01:08:45,8245,8249,,,,
1651,01:08:45,01:08:47,8250,8254,,,,
1652,01:08:47,01:08:50,8255,8259,,,,
1653,01:08:50,01:08:52,8260,8264,,,,
1654,01:08:52,01:08:55,8265,8269,,,,
1655,01:08:55,01:08:57,8270,8274,,,,
1656,01:08:57,01:09:00,8275,8279,,,,
1657,01:09:00,01:09:02,8280,8284,,,,
1658,01:09:02,01:09:05,8285,8289,,,,
1659,01:09:05,01:09:07,8290,8294,,,,
1660,01:09:07,01:09:10,8295,8299,,,,
1661,01:09:10,01:09:12,8300,8304,,,,
1662,01:09:12,01:09:15,8305,8309,,,,
1663,01:09:15,01:09:17,8310,8314,,,,
1664,01:09:17,01:09:20,8315,8319,,,,
1665,01:09:20,01:09:22,8320,8324,,,,
1666,01:09:22,01:09:25,8325,8329,,,,
1667,01:09:25,01:09:27,8330,8334,,,,
1668,01:09:27,01:09:30,8335,8339,,,,
1669,01:09:30,01:09:32,8340,8344,,,,
1670,01:09:32,01:09:35,8345,8349,,,,
1671,01:09:35,01:09:37,8350,8354,,,,
1672,01:09:37,01:09:40,8355,8359,,,,
1673,01:09:40,01:09:42,8360,8364,,,,
1674,01:09:42,01:09:45,8365,8369,,,,
1675,01:09:45,01:09:47,8370,8374,,,,
1676,01:09:47,01:09:50,8375,8379,,,,
1677,01:09:50,01:09:52,8380,8384,,,,
1678,01:09:52,01:09:55,8385,8389,,,,
1679,01:09:55,01:09:57,8390,8394,,,,
1680,01:09:57,01:10:00,8395,8399,,,,
1681,01:10:00,01:10:00,8400,8400,,,,
